post_number,average_toxicity,comments_above_threshold,total_comments,contributing_users,percent_above_threshold,threshold
1,0.05854945618108477,559,10600,10600,5.273584905660377,0.5
2,0.053188243992808935,267,5568,5568,4.795258620689656,0.5
3,0.051583154860951184,164,3637,3637,4.509210888094584,0.5
4,0.048799895802905294,116,2663,2663,4.355989485542621,0.5
5,0.049306610809712895,90,2021,2021,4.453240969816923,0.5
6,0.06128896653120002,87,1603,1603,5.427323767935121,0.5
7,0.054436803238545425,60,1313,1313,4.56968773800457,0.5
8,0.05487741114527793,52,1106,1106,4.701627486437613,0.5
9,0.05968950758008037,54,950,950,5.684210526315789,0.5
10,0.049824113427243466,39,823,823,4.738760631834751,0.5
11,0.06443719893596124,43,719,719,5.980528511821975,0.5
12,0.051535154036410215,27,653,653,4.134762633996937,0.5
13,0.06332814509887814,33,571,571,5.779334500875657,0.5
14,0.06435193412766492,34,523,523,6.5009560229445515,0.5
15,0.05240848762057893,22,477,477,4.612159329140461,0.5
16,0.06455344855670304,22,430,430,5.116279069767442,0.5
17,0.06143573637988378,23,395,395,5.822784810126582,0.5
18,0.04419934220036181,16,356,356,4.49438202247191,0.5
19,0.048300478002238335,12,320,320,3.75,0.5
20,0.05815224753299127,15,286,286,5.244755244755245,0.5
21,0.05989083704969114,14,268,268,5.223880597014925,0.5
22,0.047875489537030275,11,254,254,4.330708661417323,0.5
23,0.059551250590177046,13,239,239,5.439330543933055,0.5
24,0.06022121998149824,11,218,218,5.045871559633028,0.5
25,0.04563834561763918,8,203,203,3.9408866995073892,0.5
26,0.059319935776548476,10,187,187,5.347593582887701,0.5
27,0.045644084189650866,6,178,178,3.3707865168539324,0.5
28,0.05428684430539995,7,171,171,4.093567251461988,0.5
29,0.09183066972418596,15,160,160,9.375,0.5
30,0.035839995319062484,4,150,150,2.666666666666667,0.5
31,0.06132120025858021,7,145,145,4.827586206896552,0.5
32,0.032633271580861545,3,136,136,2.2058823529411766,0.5
33,0.050072783717321406,6,130,130,4.615384615384616,0.5
34,0.05374891251397534,7,123,123,5.691056910569105,0.5
35,0.06276747071671579,6,118,118,5.084745762711865,0.5
36,0.07161922374117624,8,112,112,7.142857142857142,0.5
37,0.04681865904082008,5,107,107,4.672897196261682,0.5
38,0.03362057374358552,3,103,103,2.912621359223301,0.5
39,0.05128761246537864,4,94,94,4.25531914893617,0.5
40,0.06425811374151887,5,89,89,5.617977528089887,0.5
41,0.05786101833085458,4,83,83,4.819277108433735,0.5
42,0.02547944726863034,1,79,79,1.2658227848101267,0.5
43,0.04118669017462043,2,73,73,2.73972602739726,0.5
44,0.0443458924783044,2,72,72,2.7777777777777777,0.5
45,0.07167714158463885,5,70,70,7.142857142857142,0.5
46,0.043631334085041364,3,68,68,4.411764705882353,0.5
47,0.04003782716517885,2,64,64,3.125,0.5
48,0.0034629604229444323,0,63,63,0.0,0.5
49,0.041771869800629836,2,61,61,3.278688524590164,0.5
50,0.030528036006371113,2,59,59,3.389830508474576,0.5
51,0.07006110130756141,4,57,57,7.017543859649122,0.5
52,0.07014857739600946,3,56,56,5.357142857142857,0.5
53,0.07446720777133355,3,54,54,5.555555555555555,0.5
54,0.06109342189921769,4,54,54,7.4074074074074066,0.5
55,0.05404561391836834,2,52,52,3.8461538461538463,0.5
56,0.02191473366343412,1,50,50,2.0,0.5
57,0.06028781279928804,2,48,48,4.166666666666666,0.5
58,0.08014889222492148,4,48,48,8.333333333333332,0.5
59,0.07154868919254413,3,48,48,6.25,0.5
60,0.0038427000336409283,0,46,46,0.0,0.5
61,0.050967942816813806,2,44,44,4.545454545454546,0.5
62,0.02865207008378599,1,41,41,2.4390243902439024,0.5
63,0.05533882327290481,2,40,40,5.0,0.5
64,0.061665252535749414,3,40,40,7.5,0.5
65,0.006196996552320392,0,39,39,0.0,0.5
66,0.01444983082872467,0,38,38,0.0,0.5
67,0.037351584301103566,1,37,37,2.7027027027027026,0.5
68,0.0790978928470784,2,35,35,5.714285714285714,0.5
69,0.0659705683214789,2,35,35,5.714285714285714,0.5
70,0.05552861708399302,2,35,35,5.714285714285714,0.5
71,0.08832834108119743,3,34,34,8.823529411764707,0.5
72,0.05999497037952423,2,33,33,6.0606060606060606,0.5
73,0.07570693693014613,2,32,32,6.25,0.5
74,0.036301661181383754,1,31,31,3.225806451612903,0.5
75,0.03611381276465587,1,31,31,3.225806451612903,0.5
76,0.02005546140814351,0,30,30,0.0,0.5
77,0.04258861743487767,1,29,29,3.4482758620689653,0.5
78,0.004704416158866814,0,28,28,0.0,0.5
79,0.05116496413673018,1,26,26,3.8461538461538463,0.5
80,0.07571238740974175,2,26,26,7.6923076923076925,0.5
81,0.0696756020143556,1,26,26,3.8461538461538463,0.5
82,0.06089471533890057,1,26,26,3.8461538461538463,0.5
83,0.06869321306406229,2,26,26,7.6923076923076925,0.5
84,0.04117668480298908,1,26,26,3.8461538461538463,0.5
85,0.038944395508643974,1,26,26,3.8461538461538463,0.5
86,0.014474368308437931,0,25,25,0.0,0.5
87,0.0520958684816529,0,24,24,0.0,0.5
88,0.02045778759202217,0,24,24,0.0,0.5
89,0.010590797520611235,0,24,24,0.0,0.5
90,0.012506943153035178,0,23,23,0.0,0.5
91,0.04543258621494958,0,22,22,0.0,0.5
92,0.0053325414330520765,0,21,21,0.0,0.5
93,0.0340165420187986,1,20,20,5.0,0.5
94,0.07837831735071771,1,19,19,5.263157894736842,0.5
95,0.05396089667613663,1,19,19,5.263157894736842,0.5
96,0.0031548595916797897,0,19,19,0.0,0.5
97,0.05363917894704313,1,19,19,5.263157894736842,0.5
98,0.11768530058583965,2,18,18,11.11111111111111,0.5
99,0.11142864500450535,2,18,18,11.11111111111111,0.5
100,0.05796201337297031,1,18,18,5.555555555555555,0.5
101,0.02023141577794573,0,18,18,0.0,0.5
102,0.020961822599120807,0,18,18,0.0,0.5
103,0.005548618221332061,0,18,18,0.0,0.5
104,0.06764527154839868,1,17,17,5.88235294117647,0.5
105,0.0746833414647399,1,17,17,5.88235294117647,0.5
106,0.0052898154090678644,0,17,17,0.0,0.5
107,0.09332685728259088,1,16,16,6.25,0.5
108,0.025353722905492707,0,16,16,0.0,0.5
109,0.125768426778571,2,15,15,13.333333333333334,0.5
110,0.0026895281800534067,0,15,15,0.0,0.5
111,0.05344083561171174,1,14,14,7.142857142857142,0.5
112,0.0064434537198394,0,14,14,0.0,0.5
113,0.002798426562758977,0,13,13,0.0,0.5
114,0.10844838909151101,1,13,13,7.6923076923076925,0.5
115,0.07306518282544293,1,13,13,7.6923076923076925,0.5
116,0.0021374234974455464,0,13,13,0.0,0.5
117,0.10004494871603893,1,13,13,7.6923076923076925,0.5
118,0.12137153465058263,2,12,12,16.666666666666664,0.5
119,0.07879934646431741,1,12,12,8.333333333333332,0.5
120,0.005282413934103427,0,11,11,0.0,0.5
121,0.04648920459757468,0,11,11,0.0,0.5
122,0.0022633707161399635,0,11,11,0.0,0.5
123,0.20379253457808352,3,11,11,27.27272727272727,0.5
124,0.1874476170712362,2,11,11,18.181818181818183,0.5
125,0.09395366388277825,1,11,11,9.090909090909092,0.5
126,0.05236597621379499,1,11,11,9.090909090909092,0.5
127,0.09919881527523758,1,11,11,9.090909090909092,0.5
128,0.02386059882172209,0,11,11,0.0,0.5
129,0.02571423195133149,0,11,11,0.0,0.5
130,0.005927643431773863,0,11,11,0.0,0.5
131,0.0019723546945235454,0,11,11,0.0,0.5
132,0.010827539620963292,0,11,11,0.0,0.5
133,0.029587405268102832,0,11,11,0.0,0.5
134,0.020570786532268563,0,11,11,0.0,0.5
135,0.02210666056436652,0,11,11,0.0,0.5
136,0.0029301584396637815,0,11,11,0.0,0.5
137,0.0006576324522029,0,11,11,0.0,0.5
138,0.001949099210006218,0,11,11,0.0,0.5
139,0.11237230723385103,2,11,11,18.181818181818183,0.5
140,0.0784313085711222,0,11,11,0.0,0.5
141,0.0053881688535594085,0,11,11,0.0,0.5
142,0.012801300718406681,0,11,11,0.0,0.5
143,0.006387417993127236,0,11,11,0.0,0.5
144,0.000993157131068191,0,11,11,0.0,0.5
145,0.010081438800129492,0,11,11,0.0,0.5
146,0.0005191518152555364,0,11,11,0.0,0.5
147,0.0026185376522003816,0,11,11,0.0,0.5
148,0.0014484884079799273,0,11,11,0.0,0.5
149,0.024243828665930726,0,11,11,0.0,0.5
150,0.08636319102317262,1,11,11,9.090909090909092,0.5
151,0.01311229073855259,0,11,11,0.0,0.5
152,0.0038190899861298548,0,11,11,0.0,0.5
153,0.014597676067337856,0,11,11,0.0,0.5
154,0.10073516043749717,1,11,11,9.090909090909092,0.5
155,0.01603692641418253,0,11,11,0.0,0.5
156,0.015421902602115073,0,11,11,0.0,0.5
157,0.005608477230204891,0,11,11,0.0,0.5
158,0.11972379192064343,1,11,11,9.090909090909092,0.5
159,0.054217103802577805,1,11,11,9.090909090909092,0.5
160,0.014525523411893154,0,11,11,0.0,0.5
161,0.0021776240451303183,0,11,11,0.0,0.5
162,0.0014167428651654728,0,11,11,0.0,0.5
163,0.14127583204588678,2,11,11,18.181818181818183,0.5
164,0.0009669193796897637,0,11,11,0.0,0.5
165,0.0012076809071004,0,11,11,0.0,0.5
166,0.015012941370845145,0,11,11,0.0,0.5
167,0.003187605666673936,0,11,11,0.0,0.5
168,0.09772600717260496,1,10,10,10.0,0.5
169,0.007323660686961329,0,10,10,0.0,0.5
170,0.00273823236930179,0,10,10,0.0,0.5
171,0.0050330439000389905,0,10,10,0.0,0.5
172,0.024015032040188018,0,10,10,0.0,0.5
173,0.01238184032845305,0,10,10,0.0,0.5
174,0.013897789223119569,0,10,10,0.0,0.5
175,0.0062132369523169,0,10,10,0.0,0.5
176,0.00155984416487621,0,10,10,0.0,0.5
177,0.010869381661177551,0,10,10,0.0,0.5
178,0.007551130486212433,0,9,9,0.0,0.5
179,0.0017378830945946552,0,9,9,0.0,0.5
180,0.002377287604354456,0,9,9,0.0,0.5
181,0.027331735764164443,0,9,9,0.0,0.5
182,0.0017773216022760124,0,8,8,0.0,0.5
183,0.004279438282537688,0,8,8,0.0,0.5
184,0.0009523189593372143,0,7,7,0.0,0.5
185,0.14000533343642013,1,7,7,14.285714285714285,0.5
186,0.005086972710809499,0,7,7,0.0,0.5
187,0.003260289360436443,0,7,7,0.0,0.5
188,0.14255739539761889,1,7,7,14.285714285714285,0.5
189,0.10568345311496934,1,7,7,14.285714285714285,0.5
190,0.1221026070166512,1,7,7,14.285714285714285,0.5
191,0.15836991900869177,1,6,6,16.666666666666664,0.5
192,0.00206836337456474,0,5,5,0.0,0.5
193,0.026905444078147378,0,5,5,0.0,0.5
194,0.01077845370164136,0,5,5,0.0,0.5
195,0.0030919873504898997,0,5,5,0.0,0.5
196,0.021152740746038002,0,5,5,0.0,0.5
197,0.05190700876992192,0,5,5,0.0,0.5
198,0.16134324625600127,1,5,5,20.0,0.5
199,0.10949715164606458,1,5,5,20.0,0.5
200,0.19791524268803182,1,5,5,20.0,0.5
