Subreddit,username,timestamp,comment_text,parent_id,toxicity,severe_toxicity,obscene,identity_attack,insult,threat,sexual_explicit,date
AsahiLinux,Capta1nT0ad,1664883463.0,"All you need to know is that some programs only support (are compiled for) 4kb memory pages or some other sized memory pages, while linux-asahi only supports 16kb memory page sizes. This is to increase performance and avoid annoying kernel patches. These programs will not run. See “Broken Software” on the Asahi Linux Wiki.",t1_ipj36vh,0.0008471378241665,4.274334514775546e-06,8.224517659982666e-05,0.0001339361333521,7.42551710573025e-05,3.55520132870879e-05,4.946772605762817e-05,2022-10-04 11:37:43+00:00
AsahiLinux,Capta1nT0ad,1665040832.0,Try ‘alarm’ and ‘alarm’ (but make sure to change it later).,t3_xwbhc1,0.0077504012733697,8.852280188875739e-06,0.0003216480836272,0.0003063768381252,0.0005487304879352,0.0026714999694377,0.0001188310270663,2022-10-06 07:20:32+00:00
AsahiLinux,Capta1nT0ad,1665828331.0,"Did you hold down the power button until the 'Loading startup options...' appears, and select 'Asahi Linux'? Also make sure that you installed Asahi Desktop or Asahi Minimal, not UEFI environment or m1n1 tethered boot.",t3_y3pw7f,0.0005506832385435,1.722596493891615e-06,3.378332985448651e-05,0.0001013120709103,0.0001125965281971,3.12109877995681e-05,1.9098768461844884e-05,2022-10-15 10:05:31+00:00
AsahiLinux,Capta1nT0ad,1665828509.0,&gt;Its really small (top left corner of screen)Mac screens are HiDPI (retina). Did you configure it to use the options for HiDPI?,t3_y1flyr,0.0004557990178,1.475881958867831e-06,3.780230690608733e-05,6.59394936519675e-05,0.00010538494098,1.8150025425711647e-05,2.026361289608758e-05,2022-10-15 10:08:29+00:00
AsahiLinux,Capta1nT0ad,1666088153.0,"Sorry for the late response, but [here](https://wiki.archlinux.org/title/HiDPI#GRUB) is a good resource on the ArchWiki.",t1_isfcrkp,0.0006395634263753,3.8051555293350248e-06,7.189480675151572e-05,0.000102858088212,7.081550575094298e-05,2.9539340175688267e-05,3.710417149704881e-05,2022-10-18 10:15:53+00:00
AsahiLinux,Capta1nT0ad,1666326353.0,"The Matrix to OFTC IRC bridge is now offline due to marcan not being able to moderate it. Only the real IRC channel is online now, join that: https://asahilinux.org/community",t1_it4k24y,0.0003600651398301,1.586228563610348e-06,2.9030792575213127e-05,7.366421777987853e-05,8.546411118004471e-05,1.802474434953183e-05,1.4343043403641786e-05,2022-10-21 04:25:53+00:00
AsahiLinux,Capta1nT0ad,1666355866.0,You forgot that there is no GPU support.,t1_iqqj1wt,0.000489538302645,1.237253513863834e-06,2.3010656150290743e-05,9.009462519316004e-05,0.0001159214516519,2.218326335423626e-05,1.2465278814488556e-05,2022-10-21 12:37:46+00:00
AsahiLinux,Capta1nT0ad,1666356077.0,"Why? Just install the latest python (it should already be there, just run ‘python3’).",t3_xu32jr,0.0009249062277376,2.605524514365243e-06,6.378879334079102e-05,0.0001026956015266,0.0001184870488941,7.397388253593817e-05,2.822643000399694e-05,2022-10-21 12:41:17+00:00
AsahiLinux,Capta1nT0ad,1666861389.0,I can test this (M2). Sent a PM.,t3_ye605k,0.0005545026506297,1.6974501022559707e-06,4.2347852286184207e-05,5.979474008199759e-05,0.0001155003919848,3.310288593638688e-05,1.860578777268529e-05,2022-10-27 09:03:09+00:00
AsahiLinux,Capta1nT0ad,1667193388.0,"This is the Plasma 5.25 default wallpaper. Asahi now runs Plasma 5.26, so you'll need to manually set it by right clicking on the desktop &gt; ""Configure Desktop and Wallpaper"" &gt; ""Safe Landing"". Alternatively, download it at this link: [https://invent.kde.org/plasma/plasma-workspace-wallpapers/-/raw/master/SafeLanding/contents/images/5120x2880.jpg?inline=false](https://invent.kde.org/plasma/plasma-workspace-wallpapers/-/raw/master/SafeLanding/contents/images/5120x2880.jpg?inline=false) (someone has already mentioned this.)",t3_yho3rn,0.0003986964584328,1.4737511264684144e-06,3.5542827390599996e-05,6.649592978646979e-05,0.0001006098464131,1.870887899713125e-05,1.411725770594785e-05,2022-10-31 05:16:28+00:00
AsahiLinux,Capta1nT0ad,1670761294.0,"Wayland if I understand correctly has no system to disable VSync, so there’ll be no screen tearing.",t1_izq55bg,0.0005760868662036,1.4664327636637609e-06,2.849562224582769e-05,8.997622353490442e-05,0.0001187421075883,2.770645915006753e-05,1.6853420675033703e-05,2022-12-11 12:21:34+00:00
AsahiLinux,Capta1nT0ad,1671161670.0,"See: [https://wiki.archlinux.org/title/Apple\_Keyboard#Swap\_the\_Fn\_and\_left\_Control\_keys](https://wiki.archlinux.org/title/Apple_Keyboard#Swap_the_Fn_and_left_Control_keys)(TL;DR: Log in to a root shell with `sudo -i`, then to set it temporarily run `echo 1 &gt; /sys/bus/hid/drivers/apple/module/parameters/swap_fn_leftctrl` and to set it permanently edit `/etc/modprobe.d/hid_apple.conf` with a tool like `nano` or `vim` (they will create the file if it doesn't exist) and add `options hid_apple swap_fn_leftctrl=1`, then reboot.)",t3_zmuz5l,0.0006413708324544,3.0930764296499547e-06,8.943901775637642e-05,8.3443897892721e-05,9.463752940064296e-05,2.6829929993255064e-05,3.300693060737103e-05,2022-12-16 03:34:30+00:00
AsahiLinux,Capta1nT0ad,1671249431.0,"No, Bluetooth doesn’t require linux-asahi 6.2, the brackets mean that it’s planned to be merged upstream in that mainline kernel release.",t1_j0gxeg1,0.0003388024051673,1.440128016838571e-06,2.4387927624047737e-05,7.635246583959088e-05,9.058644354809076e-05,1.8366787116974592e-05,1.2716125638689846e-05,2022-12-17 03:57:11+00:00
AsahiLinux,Capta1nT0ad,1671415544.0,"Here is what you need to do:1. Stumble around to try and find some reading glasses.2. Sit back down at your computer.3. Move your head forward, towards the computer screen.4. Read the screen and do what it says.**Troubleshooting**- You may be blind.- Try reading the steps again to make sure no data in your head has been corrupted.",t3_zjapki,0.0564792193472385,1.865676313173026e-05,0.0019378435099497,0.0007250444032251,0.0113912485539913,0.0007959472131915,0.0012409620685502,2022-12-19 02:05:44+00:00
AsahiLinux,Capta1nT0ad,1671586748.0,"What DE are you using? Most have a keyboard backlight slider (KDE’s is in the Battery system tray icon). If your DE doesn’t have one, write a number between 0 (off) and 255 (brightest) to the /sys/class/leds/kbd_backlight/brightness file. It’s probably just set to 0 right now.",t3_zqnpsb,0.0008034264901652,2.3138998130889377e-06,7.072291919030249e-05,8.403297397308052e-05,0.0001248060725629,3.4000229788944125e-05,3.292525798315182e-05,2022-12-21 01:39:08+00:00
AsahiLinux,Capta1nT0ad,1671674009.0,Nope.,t3_zs56s1,0.000598989543505,9.55937935032125e-07,1.8263281162944622e-05,0.0001234736701007,0.000135519876494,2.272787969559431e-05,1.0701539395086002e-05,2022-12-22 01:53:29+00:00
AsahiLinux,Capta1nT0ad,1671695592.0,"I haven’t used it myself on Asahi Linux, but I have heard some people saying that they had ‘never seen it run smoother’ with the new GPU drivers.",t3_zsckfx,0.0003861304139718,1.35582786242594e-06,2.723909892665688e-05,7.5410986028146e-05,9.75421498878859e-05,1.9226838048780337e-05,1.4465161257248838e-05,2022-12-22 07:53:12+00:00
AsahiLinux,Capta1nT0ad,1671772825.0,"If you only need it for that, then it’s fine, especially with the new GPU drivers.",t3_zt6v4m,0.0004789385129697,1.4415517171073589e-06,2.70536129391985e-05,9.916256385622546e-05,0.0001045821700245,2.883068191295024e-05,1.4551218555425294e-05,2022-12-23 05:20:25+00:00
AsahiLinux,Capta1nT0ad,1671772921.0,Rock solid. (but still keep in mind that it’s alpha software and based on Arch).,t1_j1c64b0,0.0004003990034107,1.522215939075977e-06,2.871746437449474e-05,7.134529005270451e-05,9.404943557456136e-05,2.030012910836376e-05,1.4066377843846569e-05,2022-12-23 05:22:01+00:00
AsahiLinux,Capta1nT0ad,1671800995.0,Suspend is already in the linux-asahi-edge kernel.,t1_j1cfle6,0.0003644093812908,1.4239542451832676e-06,2.310331547050737e-05,8.859863737598062e-05,9.360886178910732e-05,1.997611252591014e-05,1.2731294191326016e-05,2022-12-23 13:09:55+00:00
AsahiLinux,Capta1nT0ad,1671929844.0,"Install plasma-wayland-session and switch to it in your display manager, the KDE Plasma Wayland session has touchpad gestures (albeit not customisable ones).",t1_j1jte47,0.0004091573355253,1.3006554127059644e-06,2.545625284255948e-05,7.328041829168797e-05,0.0001092995225917,1.937822344189044e-05,1.393329512211494e-05,2022-12-25 00:57:24+00:00
AsahiLinux,Capta1nT0ad,1671940694.0,The Touch ID sensor isn’t supported yet and is also blocked until SEP support is in.,t3_zuk4mz,0.0004636441299226,1.7822897007135907e-06,3.1684186978964135e-05,8.83112516021356e-05,8.963205618783832e-05,2.327183574379887e-05,1.80483257281594e-05,2022-12-25 03:58:14+00:00
AsahiLinux,Capta1nT0ad,1671973725.0,"Install the ‘gnome’ package group: sudo pacman -S gnomeFor more information, see the GNOME page on the ArchWiki.",t3_zuvv2a,0.0007530399016104,4.103412720724009e-06,0.0001287624327233,0.0001074142783181,9.724755364004524e-05,3.963239214499481e-05,3.3198488381458446e-05,2022-12-25 13:08:45+00:00
AsahiLinux,Capta1nT0ad,1671973852.0,"As others have pointed out, don’t. Use the official installer (curl https://alx.sh | sh) to install Asahi Linux, which is based on Arch Linux ARM.",t3_zuti52,0.0004626192094292,1.939273033713107e-06,3.791918061324395e-05,8.654865814605728e-05,8.209277439163998e-05,2.0425206457730383e-05,1.7489277524873614e-05,2022-12-25 13:10:52+00:00
AsahiLinux,Capta1nT0ad,1672276380.0,"Discord isn’t available for ARM Linux devices, so you’ll need to use a ‘port’ like ArmCord or WebCord which both support arm64.I use ArmCord and it has good support and is maintained.",t3_zxk8ap,0.0003592105931602,1.46380318710726e-06,2.988955384353176e-05,6.489708175649866e-05,9.33298870222643e-05,1.6696118109393865e-05,1.4085681868891696e-05,2022-12-29 01:13:00+00:00
AsahiLinux,Capta1nT0ad,1672361651.0,"Well, not ‘officially’. Nor would it be easy for a beginner to follow the instructions you provided, and it would be much more sensible to just run ArmCord or WebCord rather than going to that effort.",t1_j267tr1,0.0003607108956202,1.3168847772249137e-06,2.6367873942945153e-05,6.564662180608138e-05,9.763529669726267e-05,1.6697744285920635e-05,1.215974407386966e-05,2022-12-30 00:54:11+00:00
AsahiLinux,Capta1nT0ad,1672546530.0,"Don’t use the wipe-linux script! Instead, familiarise yourself with diskutil by reading the Partitioning Cheatsheet wiki page, erasing the partitions and resizing them to their original size. Your problems with the wipe-linux script were that you didn’t run it with root privileges (i.e. with sudo). You probably ran ‘curl https://alx.sh/wipe-linux | sh’, when you needed to run something like ‘curl https://alx.sh/wipe-linux | sudo bash’.",t3_1009s19,0.0080219367519021,1.7643918909016065e-05,0.0008436915813945,0.000323270651279,0.0002608401700854,0.0001275742542929,0.0003242694947402,2023-01-01 04:15:30+00:00
AsahiLinux,Capta1nT0ad,1672836091.0,"I assume you mean screen tearing (lack of VSync), which can be a result of using the X11 session of KDE Plasma. Install plasma-wayland-session with ‘pacman -S plasma-wayland-session’, reboot, and switch to Plasma (Wayland) from Plasma (X11) on the login screen.",t3_10319li,0.0004966841079294,1.5494289300477249e-06,4.5246204535942525e-05,7.989136065589264e-05,0.0001176069126813,2.520550879125949e-05,1.545164195704274e-05,2023-01-04 12:41:31+00:00
AsahiLinux,Capta1nT0ad,1673102961.0,"Use the Fabulously Optimised modpack, installable from Prism Launcher, to get a smooth 60fps. This won’t be any help if running the Flatpak version of PrismLauncher, in which there will be no GPU acceleration.Have a look at this thread: https://www.reddit.com/r/AsahiLinux/comments/zjpe68/how_to_run_minecraft_java_edition_on_asahi_linux/",t3_105mbgo,0.0004565982962958,1.6348367353202775e-06,3.741271939361468e-05,7.761296728858724e-05,9.985992073779926e-05,2.2872844056109894e-05,1.578460978635121e-05,2023-01-07 14:49:21+00:00
AsahiLinux,Capta1nT0ad,1673216299.0,"External speakers are fine, so is the headphone jack.",t1_j3i58y0,0.0013176290085539,2.85424130197498e-06,0.0001271071378141,0.0001110776138375,0.0002681198529899,4.199864270049147e-05,4.745157639263198e-05,2023-01-08 22:18:19+00:00
AsahiLinux,Capta1nT0ad,1673230491.0,"VSCode works fine and well (I use Kate, not VSCode though). Bluetooth works fine, but you might want to use wired headphones because audio sometimes stutters for me.",t3_106yq1a,0.0003792214847635,1.6019200757000365e-06,3.292415931355208e-05,6.646157271461561e-05,9.201021020999178e-05,1.937020533659961e-05,1.711480217636563e-05,2023-01-09 02:14:51+00:00
AsahiLinux,Capta1nT0ad,1673304451.0,"It still is derived from FreeBSD/OpenSTeP, it just has diverged a lot since then.",t1_j3kkmc1,0.0003328050370328,1.3459106185109704e-06,2.583070090622641e-05,6.787308666389436e-05,8.985002205008641e-05,1.480804530729074e-05,1.2353255442576485e-05,2023-01-09 22:47:31+00:00
AsahiLinux,Capta1nT0ad,1673398901.0,"You mean the blur artifacts? That’s a problem with KDE’s KWin expecting ‘hardware cursors’ which are not supported on these platforms, from what I understand.",t3_108ib75,0.0004204759898129,1.3071090734229074e-06,3.0340348530444317e-05,6.44501342321746e-05,0.0001094237231882,1.7989745174418204e-05,1.3731103535974398e-05,2023-01-11 01:01:41+00:00
AsahiLinux,Capta1nT0ad,1673398961.0,"You can avoid it by turning off Blur in the Desktop Effects section of System Settings, but that’ll turn off blur.",t1_j3tw4ql,0.0003933595144189,1.444003601136501e-06,2.525863965274766e-05,8.239943417720497e-05,9.336299990536644e-05,1.9955206880695187e-05,1.4156138604448644e-05,2023-01-11 01:02:41+00:00
AsahiLinux,Capta1nT0ad,1673485064.0,"At most an hour. But you don't need a Mac to DFU restore another Mac, you can use `idevicerestore` (however this method is more difficult and requires downloading an IPSW file).",t1_j3yz1mb,0.0004851518897339,1.760563236530288e-06,3.757279409910552e-05,7.591959729325026e-05,9.420444985153154e-05,2.170602783735376e-05,1.7070953617803752e-05,2023-01-12 00:57:44+00:00
AsahiLinux,Capta1nT0ad,1673651687.0,"Most programs do support arm64 and if they don’t, you can compile them yourself.",t1_j46ilyt,0.0010117287747561,1.765102410899999e-06,4.546554191620089e-05,0.000114071794087,0.0001731748634483,5.246167347650044e-05,2.442039294692222e-05,2023-01-13 23:14:47+00:00
AsahiLinux,Capta1nT0ad,1673701923.0,Set MOZ_ENABLE_WAYLAND=1.,t3_10bncl8,0.0004962121020071,1.57181591475819e-06,3.5017976188100874e-05,7.775082485750318e-05,0.000104693317553,2.3213140593725257e-05,1.384558254358126e-05,2023-01-14 13:12:03+00:00
AsahiLinux,Capta1nT0ad,1673702054.0,"Also, maybe a link to the video would be nice once it’s finished?",t1_j4b3ll9,0.000538524298463,2.4996297725010663e-06,4.626453301170841e-05,8.409100701101124e-05,7.72723724367097e-05,4.613927012542263e-05,2.5878138330881484e-05,2023-01-14 13:14:14+00:00
AsahiLinux,Capta1nT0ad,1673703334.0,"You can run ‘MOZ_ENABLE_WAYLAND=1 firefox’ to run it in the terminal, or set it permanently by putting ‘export MOZ_ENABLE_WAYLAND=1’ into /etc/profile or something.",t1_j4b5dgt,0.0007432235288433,2.580829232101678e-06,5.814020914840512e-05,0.0001068012716132,9.966328798327596e-05,4.3274158088024706e-05,2.638661317178048e-05,2023-01-14 13:35:34+00:00
AsahiLinux,Capta1nT0ad,1673704384.0,Does about:support show wayland and not ‘xwayland’ under Window Protocol?,t1_j4b7706,0.0005371015286073,1.3455834277920076e-06,3.135576844215393e-05,0.0001095566331059,0.0001279482676181,1.7496433429187164e-05,1.3420064533420373e-05,2023-01-14 13:53:04+00:00
AsahiLinux,Capta1nT0ad,1673704930.0,"That's unusual... are you sure it's actually still blurry? Also make sure in System Settings &gt; Display Configuration, 'Legacy Applications (X11)' is set to 'Apply scaling by themselves'.",t1_j4b85zh,0.0003795050142798,1.5287027963495348e-06,2.6873975002672523e-05,7.710153295192868e-05,9.04749904293567e-05,1.893076296255458e-05,1.4751610251551028e-05,2023-01-14 14:02:10+00:00
AsahiLinux,Capta1nT0ad,1674182878.0,What do you have open? Is there anything with high CPU usage in `htop`/another system monitoring tool?,t3_10gjbrg,0.0005212423857301,1.4941424524295144e-06,3.3061402064049616e-05,7.877873576944694e-05,0.0001135377751779,2.1203946744208224e-05,1.6523132217116654e-05,2023-01-20 02:47:58+00:00
AsahiLinux,Capta1nT0ad,1674522556.0,"If you read the message, it tells you that you have significant disk space overhead due to local Time Machine snapshots. Go to https://alx.sh/tmcleanup to learn how to fix it. Also, it also says that ‘min’ installs Asahi Linux in free space after resizing macOS to the safest possible size, it does not install Asahi Linux to 60GB of free space.",t3_10jsppn,0.0004168779705651,1.430252950740396e-06,3.1875726563157514e-05,7.076008478179574e-05,0.0001005671729217,1.693407102720812e-05,1.4660618944617454e-05,2023-01-24 01:09:16+00:00
AsahiLinux,Capta1nT0ad,1674883983.0,"To get touchpad gestures in KDE Plasma, install the `plasma-wayland-session` package with `pacman -S plasma-wayland-session`. Then log out, and switch 'Plasma (X11)' to 'Plasma (Wayland)' in the drop-down box.With the battery life, a lot of the drain comes from CPU rendering, so you can install the GPU drivers using these instructions: https://asahilinux.org/2022/12/gpu-drivers-now-in-asahi-linux/This will also make sleeping work (at the moment it just turns the display off when the lid is closed).",t3_10n6ny4,0.0004325539630372,1.4330778412841028e-06,3.519833626342006e-05,7.558168726973236e-05,0.0001119365479098,2.4359778763027865e-05,1.3909398148825858e-05,2023-01-28 05:33:03+00:00
AsahiLinux,Capta1nT0ad,1676683806.0,Run this in a terminal to download the AUR package and install it:`git clone https://aur.archlinux.org/visual-studio-code-bin.git &amp;&amp; cd visual-studio-code-bin &amp;&amp; makepkg -si &amp;&amp; cd .. &amp;&amp; rm -rf visual-studio-code-bin`,t3_1152fi0,0.0004884224617853,1.6328765468642814e-06,4.152108158450574e-05,7.936589827295393e-05,0.000113534835691,2.2769792849430814e-05,1.8847593310056258e-05,2023-02-18 01:30:06+00:00
AsahiLinux,Capta1nT0ad,1676720709.0,"No guide exists for this. It’s not a ‘supported’ setup, and you shouldn’t do it unless you know what you’re doing, how these machines work. and how Linux and Asahi Linux works as a whole.",t1_j90txm9,0.000450475316029,1.4629756606154842e-06,3.055912020499818e-05,7.407242082990706e-05,0.0001013726723613,1.9810004232567735e-05,1.4442802239500452e-05,2023-02-18 11:45:09+00:00
AsahiLinux,Capta1nT0ad,1676784468.0,"Known bug. https://github.com/AsahiLinux/linux/issues/72 (under Issues that aren’t driver bugs). It appears to have gotten worse since 5.26 somehow, but it was always there.",t3_115jmue,0.0004880573833361,1.581514197823708e-06,3.605040183174424e-05,7.237087993416935e-05,0.0001035255481838,2.3701803002040833e-05,1.696060826361645e-05,2023-02-19 05:27:48+00:00
AsahiLinux,Capta1nT0ad,1677565588.0,Should be a three-finger click.,t3_11dwvba,0.001716713537462,3.5592418043961516e-06,9.55474897637032e-05,0.0001338938600383,0.0002120498538715,0.0003541279875207,3.405984534765594e-05,2023-02-28 06:26:28+00:00
AsahiLinux,Capta1nT0ad,1677581598.0,"I don't think so. It also doesn't appear that KDE has a GUI to change this, but I'm sure that there's another approach to this.",t1_jabmpfa,0.0004379706515464,1.283214373870578e-06,2.8216230930411257e-05,6.535834836540744e-05,0.0001166409492725,1.7569785995874554e-05,1.1624247235886289e-05,2023-02-28 10:53:18+00:00
AsahiLinux,Capta1nT0ad,1677582514.0,"First of all, make sure the the ML software they use supports Linux and especially arm64 Linux.Most Asahi Linux developers use Kate (which comes with the Asahi Linux Desktop image) but you still can use VS Code if you like: https://www.reddit.com/r/AsahiLinux/comments/1152fi0/how_to_install_vscode_on_asahi/j8zfbsg/?utm_source=share&amp;utm_medium=ios_app&amp;utm_name=iossmf&amp;context=3",t3_11e2xlk,0.0004062099324073,1.8962784906761951e-06,4.264754898031242e-05,6.999133620411158e-05,8.184514445019886e-05,2.0389785277075138e-05,1.805669307941571e-05,2023-02-28 11:08:34+00:00
AsahiLinux,Capta1nT0ad,1677671168.0,"First of all, yes, marcan does monitor this sub (and is a moderator). According to your dmesg logs, you are on linux-asahi-edge, meaning that you should report any issues with *only* linux-asahi-edge here: https://github.com/AsahiLinux/linux/issues/70. You mentioned the sleep brightness issue, which is known (see the linked page) but appears to have been marked as fixed.",t3_11ezxl1,0.0004830012039747,1.8112079942511627e-06,4.338340659160167e-05,7.38018934498541e-05,9.109205711865798e-05,1.9269404219812714e-05,1.764070475474e-05,2023-03-01 11:46:08+00:00
AsahiLinux,Capta1nT0ad,1677787217.0,"You need to use Prism Launcher (the AUR package, **not** the Flatpak) as it is the only Minecraft launcher that supports 16K page sizes. Then, to get a usable 60fps, you can either install Minecraft with Fabulously Optimised, but right now you can only use versions up to 1.16.5 as later versions use OpenGL 3 which is not supported yet. Make sure you have linux-asahi-edge and mesa-asahi-edge installed.",t3_11g8g0t,0.0006979479221627,3.335464953124756e-06,7.857863238314167e-05,0.000103122278233,7.527476554969326e-05,3.126210503978655e-05,3.632073639892042e-05,2023-03-02 20:00:17+00:00
AsahiLinux,Capta1nT0ad,1677818510.0,Why do you need auto-cpufreq anyway? Asahi Linux’s cpufreq driver already has this feature.,t3_11gonbn,0.0004328589711803,1.3837509413860971e-06,2.6422043447382748e-05,8.724304643692449e-05,0.0001034820161294,2.132926238118671e-05,1.3470429621520452e-05,2023-03-03 04:41:50+00:00
AsahiLinux,Capta1nT0ad,1677996491.0,"Try running `MESA_GL_VERSION_OVERRIDE=3.3 MESA_GLSL_VERSION_OVERRIDE=330 MESA_GLES_VERSION_OVERRIDE=3.1 obs-studio`. However, keep in mind that this tricks OBS into thinking that your system supports OpenGL 3 when that has not been implemented in the driver yet and therefore is entirely unsupported (you must not file bugs while using those arguments!)",t3_11hwg1r,0.0010623969137668,4.0416566662315745e-06,0.0001212083370774,0.0001106024210457,0.0001163347114925,4.128458022023551e-05,5.373110616346821e-05,2023-03-05 06:08:11+00:00
AsahiLinux,Capta1nT0ad,1678434969.0,"If you read the message, it says how to fix your problem: https://alx.sh/tmcleanup",t3_11n414j,0.0008563133887946,2.077536237266031e-06,5.531173155759461e-05,9.06435598153621e-05,0.0001237078395206,3.5324232158018276e-05,2.425472303002607e-05,2023-03-10 07:56:09+00:00
AsahiLinux,Capta1nT0ad,1679632385.0,"https://social.treehouse.systems/@AsahiLinux/110073808905479908: Might want to report a bug on one of the AsahiLinux/linux trackers, making sure to include ‘asahi-diagnose’ output.",t3_1208obn,0.0004358303558547,1.5781106412759982e-06,3.5453453165246174e-05,7.950717554194853e-05,9.973545093089342e-05,2.157199742214289e-05,1.521316335129086e-05,2023-03-24 04:33:05+00:00
AsahiLinux,Capta1nT0ad,1679902476.0,Did you select it at the login screen? Are you using a version &gt;5.25?,t1_jduen7j,0.0007071242434903,2.10439839065657e-06,5.006856008549221e-05,8.799409260973334e-05,9.933840919984505e-05,2.8060727345291525e-05,2.5769288185983896e-05,2023-03-27 07:34:36+00:00
AsahiLinux,Capta1nT0ad,1680760032.0,"Yes, on the Wiki.",t3_12da14w,0.0013765600742772,5.94829998590285e-06,0.0001184812863357,0.0001847574458224,8.663552580401301e-05,4.6891127567505464e-05,6.686664710287005e-05,2023-04-06 05:47:12+00:00
AsahiLinux,Capta1nT0ad,1683578955.0,The provided packages are only built for x86.,t1_jjd3tti,0.0004121373349335,1.483728510720539e-06,2.531603240640834e-05,9.71880363067612e-05,9.377272363053636e-05,2.095560012094211e-05,1.358400459139375e-05,2023-05-08 20:49:15+00:00
AsahiLinux,Capta1nT0ad,1698820157.0,"From the wiki page:>If the display is configured to a refresh rate other than ProMotion,   that system will no longer be able to boot into older macOS installs nor  Asahi Linux correctly.Why does ProMotion effect this? Why do other resolutions cause this issue?",t3_17kjqlk,0.0005504833534359,2.5828405796346487e-06,4.6873512474121526e-05,0.0001019856426864,7.28518352843821e-05,2.66534807451535e-05,2.5376219127792865e-05,2023-11-01 06:29:17+00:00
AsahiLinux,Capta1nT0ad,1698820539.0,"Never mind, I found the Mastodon post https://social.treehouse.systems/@marcan/111329614147717090",t1_k7c1ua5,0.0007369128870777,1.69942609318241e-06,5.137980406288989e-05,9.087533544516192e-05,0.0001470581482863,2.3333257558988407e-05,1.8289512809133157e-05,2023-11-01 06:35:39+00:00
AsahiLinux,Capta1nT0ad,1702296086.0,"As for #2:[hElp!! liNuX atE My rAm!!!!](https://www.linuxatemyram.com/)However, sometimes applications run out of ram- for example, I get random Firefox OOM-kills (trying to figure out a fix) with only a couple tabs open.",t3_18frmdk,0.0007717428379692,2.2509045720653376e-06,7.317713607335463e-05,0.0001042118383338,0.0001316714478889,2.591083466541022e-05,2.5349952920805663e-05,2023-12-11 12:01:26+00:00
AsahiLinux,Capta1nT0ad,1702646165.0,"Yep, I definitely should- I only have 8GB RAM on my M2 MacBook, and 8 gigs is kind of the baseline these days  :P",t1_kdgg9k5,0.0007098476053215,2.4311493689310737e-06,6.650867726420984e-05,9.672179294284432e-05,0.0001048541744239,3.628424747148529e-05,3.009953798027709e-05,2023-12-15 13:16:05+00:00
AsahiLinux,Capta1nT0ad,1702646929.0,"Thank you for the suggestion. After putting it off for so long, I have finally configured my swapfile.",t1_kdgg9k5,0.0003810518828686,1.3723189340453246e-06,2.6668405553209595e-05,6.551228580065072e-05,9.765914001036435e-05,1.900025199574884e-05,1.3631839465233496e-05,2023-12-15 13:28:49+00:00
AsahiLinux,Capta1nT0ad,1702648216.0,"I'm still on Arch and am trying to find the time to migrate to Fedora, but it will take a long time to reconfigure my setup (stuff will probably break if I directly copy the config files across.)",t1_kdgo4ep,0.0003964156785514,1.8033933883998543e-06,3.504132473608479e-05,7.315138645935804e-05,8.085629815468565e-05,2.0526882508420385e-05,1.657271604926791e-05,2023-12-15 13:50:16+00:00
AsahiLinux,Capta1nT0ad,1702684018.0,"From [https://github.com/AsahiLinux/linux/issues/72:](https://github.com/AsahiLinux/linux/issues/72:)>Magenta is the error color on Apple GPUs. It is what you get when you sample an uninitialized compressed texture. This often happens with driver bugs that break rendering, but there are also many apps that have bugs that transiently display uninitialized buffer contents. These will often show up as black or transparent on other GPUs or with software rendering, which stands out less but it indicates the same bug.The section also lists some methods to debug the issue, but it might not be related to the OP's red screen.",t1_kdiftac,0.002599032362923,8.60291675053304e-06,9.539753227727488e-05,0.0010152584873139,0.0004349844821263,4.817237640963867e-05,3.372275023139082e-05,2023-12-15 23:46:58+00:00
AsahiLinux,Capta1nT0ad,1702813932.0,"1. Allocate space to /swapfile, in my case 1GB:  `sudo fallocate -l 1G /swapfile`2. Set correct permissions for the swapfile:  `sudo chmod 600 /swapfile`3. Make a swap filesystem:  `sudo mkswap /swapfile`4. Make the system swap on the new swapfile:  `sudo swapon /swapfile`5. Finally, backup and write to fstab to automatically mount the swapfile at boot.  `sudo cp /etc/fstab /etc/fstab.bak`  `echo '/swapfile none swap sw 0 0' | sudo tee -a /etc/fstab`6. Profit- you now have a swapfile!",t1_kdqgekx,0.0009088286897167,2.375420763200964e-06,8.916098158806562e-05,9.826324821915478e-05,0.0001650394842727,3.15909601340536e-05,3.087690129177645e-05,2023-12-17 11:52:12+00:00
AsahiLinux,Capta1nT0ad,1702857053.0,"After some quick research it seems that `fallocate` can create files that could be interpreted to have holes. Try again, but replace step 1 with:  `sudo dd if=/dev/zero of=/swapfile bs=1M count=1024`",t1_kdqzpiv,0.0004791967221535,2.0005002170364605e-06,4.153339978074655e-05,7.65524382586591e-05,8.706286462256685e-05,2.4603565179859288e-05,2.012138247664552e-05,2023-12-17 23:50:53+00:00
AsahiLinux,Capta1nT0ad,1703937610.0,"Yes, you will be able to install all these things.",t3_18ud91f,0.0005993247614242,1.7503025446785614e-06,3.4247907024109736e-05,9.175374725600705e-05,0.0001075125474017,4.310776057536714e-05,1.8151200492866337e-05,2023-12-30 12:00:10+00:00
AsahiLinux,Capta1nT0ad,1703943966.0,Ohh sorry misread that lol,t1_kfjv2u9,0.0005131959915161,1.2278300118850891e-06,2.9610328056151047e-05,7.250191265484318e-05,0.000112517751404,2.1567164367297664e-05,1.3183537703298498e-05,2023-12-30 13:46:06+00:00
AsahiLinux,Capta1nT0ad,1703944040.0,"Most packages usually available will still be, but some are not available for arm64 including a lot of proprietary applications.",t1_kfjun08,0.0003610327257774,1.4162158095132329e-06,2.420924647594802e-05,7.819390157237649e-05,9.297244832850991e-05,1.7785299860406667e-05,1.3205029972596094e-05,2023-12-30 13:47:20+00:00
AsahiLinux,Capta1nT0ad,1703982105.0,"Don’t forget 4K page size incompatibilities, see Broken Apps on the wiki.",t1_kfkm8y3,0.0019480916671454,1.3954451787867583e-05,0.0002366377448197,0.0002726945967879,7.092194573488086e-05,8.150183566613123e-05,0.0001527734275441,2023-12-31 00:21:45+00:00
AsahiLinux,Capta1nT0ad,1704246465.0,Check `dmesg` for oom kills.,t3_18x0zvx,0.207373633980751,8.63276727613993e-05,0.0039858124218881,0.0024249143898487,0.0028925777878612,0.0659136921167373,0.0005612406530417,2024-01-03 01:47:45+00:00
AsahiLinux,Capta1nT0ad,1704777442.0,"Maybe for U-Boot but not for m1n1 (the text screens after the apple logo). All this is before the kernel loads, and once we are in Linux, Fedora Asahi Remix does have complete smooth boot.",t3_1922oae,0.0004814766580238,1.7620749304114725e-06,3.891366577590816e-05,8.02841386757791e-05,9.622428478905932e-05,2.2387070202967152e-05,1.9583509129006416e-05,2024-01-09 05:17:22+00:00
AsahiLinux,Capta1nT0ad,1704779780.0,Reading the wiki it seems that m1n1 doesn’t log on the screen by default and I just changed it a year ago and forgot.,t1_kh0guq2,0.0011801442597061,5.836995114805177e-06,0.0001050503342412,0.000168514350662,7.86649325164035e-05,4.684352825279347e-05,6.396636308636516e-05,2024-01-09 05:56:20+00:00
AsahiLinux,Capta1nT0ad,1704890172.0,"To answer your title: nope.You will be able to play some games including lots of open source ones (SuperTuxKart, Neverball, SuperTux) and Minecraft but gaming with Proton will not work.Why? These machines are not x86_64 machines like a PC, but rather aarch64/arm64 ones like a Raspberry Pi. Of course, they are a lot more powerful than a Raspberry Pi but are incompatible with proprietary software compiled for x86_64, such as Steam games.There is software like FEX-Emu which can emulate other architectures, but this is not currently usable due to the Asahi kernel being compiled with 16K page sizes to maximise performance and avoid hacky kernel patches and FEX only supporting 4K page sizes.The Asahi Linux project’s kernel-side GPU developer, Asahi Lina, did test a PoC by compiling a 4K kernel and using FEX-Emu to run some Steam/Proton games at decent speeds, but you will not be able to do this.Maybe someday, but you aren’t going to be able to game on Asahi Linux right now.",t3_1935wpq,0.001261115539819,5.806908120575827e-06,0.0001613299828022,0.0001798560842871,0.0001188968672067,3.070196180487983e-05,0.0001283615565625,2024-01-10 12:36:12+00:00
AsahiLinux,Capta1nT0ad,1704890626.0,"I get this too! Back on Arch after the U-Boot countdown grub would almost immediately load, but it seems this might be some kind of bug…",t3_192phrh,0.001108473050408,2.4453124751744326e-06,8.350145071744919e-05,8.750249980948865e-05,0.0001620612601982,4.785251439898275e-05,3.364770964253694e-05,2024-01-10 12:43:46+00:00
AsahiLinux,Capta1nT0ad,1704896080.0,Was not aware of this. Thank you!,t1_kh7ibye,0.0003934116684831,1.2435525604814757e-06,2.4803102860460054e-05,5.961635542917065e-05,0.0001034038941725,1.70576913660625e-05,1.2161576705693731e-05,2024-01-10 14:14:40+00:00
AsahiLinux,Capta1nT0ad,1704949827.0,"On laptops, this slightly differs per device. You can do it on all devices (AFAIK) with Fn+Ctrl+Alt+keys 1 to 0.\- On Touch Bar devices, you can use Ctrl+Alt and the touch bar function buttons.\- On non-Touch Bar devices, just do it like you normally would with Ctrl+Alt+function key.",t3_193h583,0.0004685902094934,2.0430481981748017e-06,4.405891741043888e-05,8.113736839732155e-05,8.660578896524385e-05,2.405755549261812e-05,2.1444784579216503e-05,2024-01-11 05:10:27+00:00
AsahiLinux,Capta1nT0ad,1704979658.0,"OP is looking for an Asahi Linux discord server, not a Discord app for Asahi Linux.",t1_khcwc4g,0.0004450217238627,1.4737048559254615e-06,2.8694854336208664e-05,8.777711627772078e-05,9.956640133168548e-05,1.8859027477446944e-05,1.4718698366777971e-05,2024-01-11 13:27:38+00:00
AsahiLinux,Capta1nT0ad,1704979731.0,"If you are familiar with IRC (if not, you should get familiar with it) you can have a look at the project's IRC channels: https://asahilinux.org/community/.",t3_193v5gs,0.000372169772163,1.7084204273487558e-06,3.2050415029516444e-05,7.319590076804161e-05,8.23903174023144e-05,1.8294780602445823e-05,1.50534897329635e-05,2024-01-11 13:28:51+00:00
AsahiLinux,Capta1nT0ad,1705108293.0,"I sometimes have this happen too, but I am 95% sure it's a RAM issue because I have an 8GB model and often open two instances of Firefox, one instance of Chromium, Kate and Ghostwriter. However, early last year I did have a very rare GPU lockup where I could still ssh in and check dmesg. You might want to rule that out. ¯\\\_(ツ)\_/¯",t1_khlpqf3,0.0004459024348761,1.991563067349489e-06,4.7605226427549496e-05,7.134304178180173e-05,8.482130942866206e-05,2.0726876755361445e-05,2.1773303160443905e-05,2024-01-13 01:11:33+00:00
AsahiLinux,Capta1nT0ad,1705110776.0,"IRC isn't something you download, but rather a protocol for internet chat. You can use clients to connect to IRC channels. A good client to get started with is KDE's Konversation. For more information about IRC itself, see the Wikipedia page: https://en.wikipedia.org/wiki/Internet\_Relay\_Chat",t1_khlynly,0.0006382411229424,2.892202019211254e-06,6.0692076658597216e-05,0.0001008388353511,7.803717744536698e-05,2.6719902962213386e-05,3.0958690331317484e-05,2024-01-13 01:52:56+00:00
AsahiLinux,Capta1nT0ad,1705111802.0,"I was running into this problem and this worked for me, but I also had to install `krunvm` itself and `buildah`.",t1_khlwr7m,0.0006058741128072,2.5350302621518495e-06,6.435077375499532e-05,7.771228411002085e-05,8.384879038203508e-05,3.0260018320404924e-05,2.7498321287566796e-05,2024-01-13 02:10:02+00:00
AsahiLinux,Capta1nT0ad,1705239652.0,"This is a very simple problem, just follow the instructions at the links that the installer provides to delete your local Time Machine snapshots.",t1_kht6ahg,0.0005835373303852,2.1241237391222967e-06,4.087438355782069e-05,8.469522435916588e-05,8.528540638508275e-05,2.876373218896333e-05,2.3554146537208e-05,2024-01-14 13:40:52+00:00
AsahiLinux,Capta1nT0ad,1705293827.0,I tried this yesterday and it didn't work... but it suddenly worked today :),t1_khwu6we,0.0004049651324748,1.4574012539014802e-06,3.0355889975908212e-05,6.710177694913e-05,9.221724030794576e-05,1.9137711205985397e-05,1.5084271581145003e-05,2024-01-15 04:43:47+00:00
AsahiLinux,Capta1nT0ad,1705392147.0,"Arch Linux ARM is largely dormant in maintenance, and has ancient versions of packages (like glibc, which is almost two years old). Repos were down every so often as well and trivial transitions were causing lots of conflicts. New features, such as speakers, could not be added because there were bugs in ALARM's outdated dependencies. The ALARM devs seemed to be completely silent about these issues, so Fedora Asahi Remix was made to be the new flagship distribution for Asahi Linux, and ALARM installs were essentially deprecated.",t1_ki3h514,0.0003479705483186,1.4285367342381503e-06,2.810215482895728e-05,6.68528737151064e-05,9.152994607575238e-05,1.574452835484408e-05,1.2387231436150614e-05,2024-01-16 08:02:27+00:00
AsahiLinux,Capta1nT0ad,1705396585.0,"Probably a troll. These machines are, to my knowledge/opinion, the best Linux ARM machines on the market these days, especially in the personal space.",t1_ki3nm6x,0.62040776014328,5.295018127071671e-06,0.0003541234182193,0.0005011515459045,0.5626283884048462,6.564881186932325e-05,8.516504021827132e-05,2024-01-16 09:16:25+00:00
AsahiLinux,Capta1nT0ad,1705402934.0,"I'm aware, perhaps I should have clarified.",t1_ki3x1nj,0.000368789100321,1.4114737041381886e-06,2.493263491487596e-05,7.436784653691575e-05,9.399859118275344e-05,2.0108473108848557e-05,1.2879988389613573e-05,2024-01-16 11:02:14+00:00
AsahiLinux,Capta1nT0ad,1705406424.0,"I tried to do that before I switched, but speakersafetyd wouldn't compile. I (think) you just need the new kernel for HDMI out, but I don't have an HDMI device.",t1_ki41f5t,0.0003869500942528,1.4530866110362697e-06,2.8303224098635837e-05,6.852852675365284e-05,9.523012704448774e-05,1.9975617760792375e-05,1.4802030818827916e-05,2024-01-16 12:00:24+00:00
AsahiLinux,Capta1nT0ad,1705448116.0,Please see my comment on this post: https://www.reddit.com/r/AsahiLinux/s/2oCDVGItgO,t3_198d53x,0.0003661477239802,1.2819959920307156e-06,2.810925798257813e-05,5.96160716668237e-05,9.965425851987676e-05,1.596004221937619e-05,1.2381421583995689e-05,2024-01-16 23:35:16+00:00
AsahiLinux,Capta1nT0ad,1705448505.0,"I’ve noticed some lag when entering text, but it hasn’t been that bad. For memory I have been above average in general (1.1GB idle on KDE) and I don’t know if Firefox taking up an extra gig or two is normal.",t3_1986umw,0.0006227517151273,1.938675950441393e-06,4.97915425512474e-05,8.810147846816108e-05,0.0001142004330176,2.121041870850604e-05,3.0408304155571383e-05,2024-01-16 23:41:45+00:00
AsahiLinux,Capta1nT0ad,1705448798.0,"I remember marcan (or somebody else, can’t remember who) saying on IRC that the asahi-diagnose message was just a bug in the script. I get it too.",t3_198ejnk,0.0005970741040073,1.6623530427750666e-06,4.2647021473385394e-05,7.939413626445457e-05,0.0001253523369086,2.6111534680239856e-05,2.012372533499729e-05,2024-01-16 23:46:38+00:00
AsahiLinux,Capta1nT0ad,1705549830.0,You need to set the User Agent to Chrome OS.,t3_1995ocd,0.0007269909838214,1.7745016975823091e-06,3.359150650794618e-05,0.0001114595943363,0.0001117671708925,3.9363942050840706e-05,2.1331377865863033e-05,2024-01-18 03:50:30+00:00
AsahiLinux,Capta1nT0ad,1705569789.0,"Can you look at about:addons > Plugins? Make sure ""Widevine Content Decryption Module provided by Google Inc."" is Enabled.",t1_kieu3h9,0.0003693946346174,1.422946979801054e-06,2.6665939003578387e-05,7.276074757101014e-05,9.461253648623824e-05,1.888996848720126e-05,1.348696150671458e-05,2024-01-18 09:23:09+00:00
AsahiLinux,Capta1nT0ad,1705572081.0,Glad I could help.,t1_kiez0xl,0.0007064318633638,2.001870598178357e-06,5.561532816500403e-05,9.082040924113244e-05,0.0001350465900031,5.285233783069998e-05,2.3750337277306244e-05,2024-01-18 10:01:21+00:00
AsahiLinux,Capta1nT0ad,1705675236.0,"I tried this last week and while it did ‘work’, if a tab was loading that wasn’t the active tab (e.g. a link has been opened in a new tab) the browser’s UI would effectively freeze until it finished loading. I had to turn it off because of this, but maybe others had better luck.",t3_19ahqru,0.0004901310312561,1.6188489553314866e-06,4.312683813623153e-05,6.314760685199872e-05,0.0001041260111378,2.157681228709407e-05,1.855245682236273e-05,2024-01-19 14:40:36+00:00
AsahiLinux,Capta1nT0ad,1705675253.0,"I tried this last week and while it did ‘work’, if a tab was loading that wasn’t the active tab (e.g. a link has been opened in a new tab) the browser’s UI would effectively freeze until it finished loading. I had to turn it off because of this, but maybe others had better luck.",t1_kikv4jl,0.0004901310312561,1.6188489553314866e-06,4.312683813623153e-05,6.314760685199872e-05,0.0001041260111378,2.157681228709407e-05,1.855245682236273e-05,2024-01-19 14:40:53+00:00
AsahiLinux,Capta1nT0ad,1705675274.0,"I tried this last week and while it did ‘work’, if a tab was loading that wasn’t the active tab (e.g. a link has been opened in a new tab) the browser’s UI would effectively freeze until it finished loading. I had to turn it off because of this, but maybe others had better luck.",t1_kil9n9t,0.0004901310312561,1.6188489553314866e-06,4.312683813623153e-05,6.314760685199872e-05,0.0001041260111378,2.157681228709407e-05,1.855245682236273e-05,2024-01-19 14:41:14+00:00
AsahiLinux,Capta1nT0ad,1705708276.0,You could try this article: https://sinrega.org/2023-10-06-using-microvms-for-gaming-on-fedora-asahi/ This is how everybody plays x86 games.,t1_killi2f,0.0004119996447116,1.449718865842442e-06,3.1277315429179e-05,8.14793020254001e-05,9.868721826933324e-05,1.8404360162094235e-05,1.4120030755293556e-05,2024-01-19 23:51:16+00:00
AsahiLinux,Capta1nT0ad,1705738113.0,"You might want to look at the Gentoo installation guide on https://alx.sh/w for this, it sounds like what you’re doing (bootstrapping one distro using another).",t3_19b5ipa,0.0005431866738945,1.989884594877367e-06,4.742416422232054e-05,8.983691077446565e-05,0.0001021715579554,2.200052040279843e-05,2.3900158339529295e-05,2024-01-20 08:08:33+00:00
AsahiLinux,Capta1nT0ad,1705738385.0,"You might want to look at the Gentoo installation guide on https://alx.sh/w for this, it sounds like what you’re doing (bootstrapping one distro using another).EDIT: Parabola seems like it does not provide packages for aarch64 and only armv7h, so you may not be able to do this. Also note that you **need** linux-asahi, which as far as I’m aware does not have a libre variant.",t1_kipplmy,0.0007603785488754,3.1038705401442712e-06,9.539216989651322e-05,8.868104487191886e-05,9.423364826943724e-05,2.354394928261172e-05,4.173003981122747e-05,2024-01-20 08:13:05+00:00
AsahiLinux,Capta1nT0ad,1705744148.0,"Out of the box, Linux supports reading and writing to NTFS and exFAT. With some software you can get APFS to read, but writing is experimental and has a great chance of destroying your drives, hence why it is disabled. Just note that you won't be able to use Thunderbolt devices and there seems to be a problem with USB hubs where after a new device is plugged in, you need to re-plug the USB hub.",t3_19b77go,0.000551970442757,1.524252525086922e-06,4.103943865629845e-05,6.897697312524542e-05,0.0001238239638041,2.077805584121961e-05,1.6478472389280796e-05,2024-01-20 09:49:08+00:00
AsahiLinux,Capta1nT0ad,1705754980.0,"This is not true, see [https://linuxatemyram.com](https://linuxatemyram.com). The difference is in the terminology. KDE's System Monitor has a separate stat for Application Memory, you can swap it out with that if desired.",t1_kinqnse,0.0003813829971477,1.4689256886413204e-06,2.8093285436625592e-05,6.853649392724037e-05,9.135424625128508e-05,1.825730942073278e-05,1.3591365132015198e-05,2024-01-20 12:49:40+00:00
AsahiLinux,Capta1nT0ad,1705797122.0,"You are missing org.kde.kclockd-autostart, it's in \~/.config/autostart/org.kde.kclockd-autostart unless you have deleted it. In that case I can probably get the file to you.",t3_19bevj0,0.0032459928188472,7.064635155984433e-06,0.0002960316196549,0.0001720574509818,0.0001795048592612,7.473518053302541e-05,0.0001350705424556,2024-01-21 00:32:02+00:00
AsahiLinux,Capta1nT0ad,1705888028.0,"This is a difficult situation because Asahi Linux is installed *after* macOS in the partition table. It would technically be possible to do a few operations, move Asahi Linux backwards and extend it forwards but it would probably be far easier for you to just back up your home folder, uninstall Asahi Linux and reinstall it, placing your home folder back/whatever configuration you want to keep that is not in your home folder.",t3_19cjxyn,0.0003773520293179,1.3315629985299893e-06,2.7293834136798974e-05,7.074746827129275e-05,9.864798630587757e-05,1.7235501218237914e-05,1.2942118701175788e-05,2024-01-22 01:47:08+00:00
AsahiLinux,Capta1nT0ad,1706342890.0,"I find it can last lid closed for a few days, but still nowhere as good as macOS. In macOS I can leave it for a week and it'll still be on 100%.",t1_kjqtlsb,0.0003980622568633,1.4813306279393146e-06,2.996844341396354e-05,7.101120718289167e-05,9.609297558199614e-05,2.1751595340901982e-05,1.5068168977450114e-05,2024-01-27 08:08:10+00:00
AsahiLinux,Capta1nT0ad,1706342996.0,Most alt-distros are pretty good with keeping up with the feature support. You won't be able to use Thunderbolt (and with that means no HDMI displays on laptops without the dedicated port/using a dongle) until later this year.,t3_1abl2x6,0.0004139781522098,1.5689658994233469e-06,3.0264085580711253e-05,8.171405352186412e-05,9.038436110131444e-05,2.065432272502221e-05,1.5458128473255783e-05,2024-01-27 08:09:56+00:00
AsahiLinux,Capta1nT0ad,1706345671.0,"Check your power management settings, make sure it is sleeping and not just turning off the display",t1_kjs9k43,0.000686741201207,1.491374973738857e-06,2.956588832603302e-05,9.6803909400478e-05,0.0001503086241427,3.5354431020095944e-05,1.846765553636942e-05,2024-01-27 08:54:31+00:00
AsahiLinux,Capta1nT0ad,1706345747.0,"All the ports also support USB, but it is correct that if a device uses Thunderbolt it won't work. This also extends to HDMI through dongles (not the standalone port). Support will come later this year.",t1_kjs694g,0.0003648614219855,1.5182058632490223e-06,2.6350304324296303e-05,7.624616409884766e-05,8.945402805693448e-05,2.010120624618139e-05,1.4859594557492528e-05,2024-01-27 08:55:47+00:00
AsahiLinux,Capta1nT0ad,1706345906.0,"You could try setting max\_parallel\_downloads=10 and fastestmirror=True in /etc/dnf/dnf.conf, I hear a lot of people like to do this.",t1_kjqvk3a,0.000497258733958,1.713324991214904e-06,4.245083619025536e-05,6.995537114562467e-05,0.0001027504476951,1.9207667719456367e-05,1.7213274986715987e-05,2024-01-27 08:58:26+00:00
AsahiLinux,Capta1nT0ad,1706366910.0,"I don’t have the screen sharing problem, but the microphone isn’t supported by Asahi Linux yet.",t3_1ac7v20,0.0004576327628456,1.6797794160083868e-06,3.431554796406999e-05,7.722766167717054e-05,8.861663081916049e-05,1.9971426809206605e-05,1.8243872546008788e-05,2024-01-27 14:48:30+00:00
AsahiLinux,Capta1nT0ad,1706498208.0,"As for the notch, no Linux desktop environments integrate it so content might be hidden beneath it (unless you block content with something like Niccolo Venerandi's KNotch, which was an april fools joke a few years ago but still quite useful), so the Asahi Linux developers cropped the resolution. You can force it back, but I'm not sure how to do this.",t3_1ad63qv,0.1103666126728057,1.3180772839405108e-05,0.0044549964368343,0.0005838065990246,0.0581396222114563,6.862046575406566e-05,0.0002667775843292,2024-01-29 03:16:48+00:00
AsahiLinux,Capta1nT0ad,1706498463.0,We don't use Arch Linux ARM these days. You might want to try this: https://github.com/leifliddy/asahi-fedora-usb,t3_1abe4t7,0.0004221825511194,1.3132915910318843e-06,3.0359335141838528e-05,6.736772775184363e-05,0.0001097321728593,1.815734685806092e-05,1.2602739843714517e-05,2024-01-29 03:21:03+00:00
AsahiLinux,Capta1nT0ad,1706498629.0,In this case it's better to read the Python scripts on the github repo (AsahiLinux/asahi-installer) because the shell script only bootstraps a python installer.,t1_kjn79ko,0.0004631140909623,1.7839392967289314e-06,3.225874388590455e-05,9.080646850634366e-05,8.835817425278947e-05,2.452761327731423e-05,1.7969563486985862e-05,2024-01-29 03:23:49+00:00
AsahiLinux,Capta1nT0ad,1706498674.0,"If anybody wants it, a long while ago I replaced the Plasma logo on the Breeze log in loading screen with a monochrome Asahi svg.",t3_19dbv7z,0.0007838950841687,2.4736839350225637e-06,6.091461546020582e-05,0.0001052567968145,0.0001028842889354,3.5462246160022914e-05,3.068949081352912e-05,2024-01-29 03:24:34+00:00
AsahiLinux,Capta1nT0ad,1706507709.0,Thank you.,t1_kk2g513,0.0003988488751929,1.2201620620544418e-06,2.4556075004511513e-05,6.290005694609135e-05,0.0001058537745848,1.782535582606215e-05,1.1536492820596322e-05,2024-01-29 05:55:09+00:00
AsahiLinux,Capta1nT0ad,1706507826.0,Most of the stuff you want is already configured for you. You can just go ahead and use it like a normal Linux installation :),t3_1adns6q,0.0009722947143018,2.8427202778402716e-06,8.163912571035326e-05,9.918375144479796e-05,0.0001012203356367,5.192061507841572e-05,3.540821489877999e-05,2024-01-29 05:57:06+00:00
AsahiLinux,Capta1nT0ad,1706589428.0,The krunvm from this popular blog post might help you: https://sinrega.org/2023-10-06-using-microvms-for-gaming-on-fedora-asahi/,t3_1ae657o,0.0003953810373786,1.2972067224836792e-06,3.0662664357805625e-05,6.176564784254879e-05,0.0001096263295039,1.717371014819946e-05,1.2402693755575456e-05,2024-01-30 04:37:08+00:00
AsahiLinux,Capta1nT0ad,1706675245.0,"I don’t know about the touch input, but for tiny-dfr to start at boot ‘sudo systemctl enable —now tiny-dfr’ (should be by default)",t3_1af2jsy,0.0008139523561112,2.0263989881641464e-06,6.431684596464038e-05,7.50246545067057e-05,0.0001486482942709,2.920651422755327e-05,3.2345276849810034e-05,2024-01-31 04:27:25+00:00
AsahiLinux,Capta1nT0ad,1706685609.0,"By default in Fedora, while connected to a power supply the laptop doesn't go to sleep, but rather turns off the display. &#x200B;>The settings in KDE plasma seem to be ignored.Make sure in the Energy Saving control module you are on the 'On AC Power section', then tick 'Button events handling' and set 'When laptop lid closed' to 'turn off screen', and make sure 'Even when an external monitor is connected' is ticked off.",t3_1af9zkm,0.0004733240930363,1.5742626828796349e-06,3.471351374173537e-05,7.39573806640692e-05,0.0001091985686798,2.511002276150975e-05,1.7727017620927654e-05,2024-01-31 07:20:09+00:00
AsahiLinux,Capta1nT0ad,1706693643.0,"Stupid question, but does it work in macOS?",t1_ko90udg,0.980791449546814,4.111073212698102e-05,0.0013730765786021,0.0006788070313632,0.9701501727104188,9.880370635073632e-05,0.0001211303388117,2024-01-31 09:34:03+00:00
AsahiLinux,Capta1nT0ad,1706774000.0,"Rule 6, please refer people to the Partitioning Cheatsheet (which you have). As it says, it will indiscriminately wipe many partitions that may or may not be the ones you want to wipe.",t1_koeizxj,0.010846228338778,9.979316018871032e-06,0.0007681589922867,0.0002943494764622,0.0009940734598785,0.0002648759982548,0.0004042852669954,2024-02-01 07:53:20+00:00
AsahiLinux,Capta1nT0ad,1706918753.0,"Not possible normally under this environment, however you can use [https://github.com/leifliddy/asahi-fedora-usb](https://github.com/leifliddy/asahi-fedora-usb) to build a USB that can boot from U-Boot.",t1_kol1b9j,0.0005079988623037,1.3941624956714804e-06,3.4690678148763254e-05,7.96589520177804e-05,0.0001289569481741,2.0277220755815503e-05,1.5638013792340644e-05,2024-02-03 00:05:53+00:00
AsahiLinux,Capta1nT0ad,1707034168.0,"It's not your Wi-Fi that's slow, but rather you're not downloading much content. That's why it is sometimes 0B, and sometimes very 'slow'. There might be codec issues causing the video difficulty.",t3_1ahwj5m,0.0008246133220382,1.4107403103480465e-06,3.950394602725282e-05,8.812466694507748e-05,0.0001993305631913,2.3380682250717655e-05,1.9316119505674575e-05,2024-02-04 08:09:28+00:00
AsahiLinux,Capta1nT0ad,1707038879.0,Why can't you enter the key combination?,t3_1aijmna,0.0006123798084445,1.5621159263901063e-06,2.819495421135798e-05,9.770171163836494e-05,0.0001237498363479,4.09715976275038e-05,1.616490408196114e-05,2024-02-04 09:27:59+00:00
AsahiLinux,Capta1nT0ad,1707109006.0,"To clarify, I believe the commenter was saying that HDMI ports work but break on suspend, Thunderbolt HDMI is not supported, but once it comes you can use it as an alternative as it will probably not have the suspend problem.",t1_kox17u3,0.0003493826079647,1.3748904166277498e-06,2.352287629037164e-05,7.26272992324084e-05,9.371836495120078e-05,1.716915903671179e-05,1.2848704500356687e-05,2024-02-05 04:56:46+00:00
AsahiLinux,Capta1nT0ad,1707298808.0,The benefit of running Asahi Linux over macOS is that some people like to use Linux rather than macOS. The ‘selling point’ of Asahi Linux was never its security (it would be similar to a regular Fedora system after boot).,t3_1akxgro,0.0003671356535051,1.3071988860247077e-06,2.5288816686952487e-05,6.863950693514198e-05,0.0001001425698632,1.675777275522705e-05,1.3003134881728329e-05,2024-02-07 09:40:08+00:00
AsahiLinux,Capta1nT0ad,1707300075.0,"I think you’re still missing the point. Asahi Linux is for people who would rather use Linux than macOS. It could be made to be more ‘secure’ than a Linux VM on macOS, but that’s just not the point.",t1_kpb7z11,0.0003970480465795,1.2961235142938676e-06,2.5367509806528687e-05,7.132808241294697e-05,0.0001027661346597,1.7647300410317257e-05,1.2556360161397606e-05,2024-02-07 10:01:15+00:00
AsahiLinux,Capta1nT0ad,1707372038.0,I believe that’s latent APFS disk corruption off the top of my head.,t1_kpfper4,0.0382311791181564,1.3195222891226877e-05,0.0015722593525424,0.0005595962284132,0.0084283137694001,0.0004811165272258,0.001530218287371,2024-02-08 06:00:38+00:00
AsahiLinux,Capta1nT0ad,1707373394.0,"Please disregard what I said, the resize ran fine so you don't have corruption. I believe those messages are normal.",t1_kpg8f84,0.0015408839099109,1.2955118791069251e-06,3.999269029009156e-05,0.0001035770910675,0.0003704554401338,2.788695383060258e-05,2.471762491040863e-05,2024-02-08 06:23:14+00:00
AsahiLinux,Capta1nT0ad,1707379376.0,Have you tried running the installer again?,t1_kpgcn17,0.0005038064555265,1.2936981192979149e-06,2.685314575501252e-05,8.742025966057554e-05,0.000120934950246,2.4333772671525367e-05,1.275528393307468e-05,2024-02-08 08:02:56+00:00
AsahiLinux,Capta1nT0ad,1707421465.0,Have you tried a DFU Restore? Highly likely it isn’t bricked.,t3_1am2a7q,0.0030543997418135,3.2744251257099677e-06,0.0002254928695037,0.0001455799356335,0.0005761469947174,6.147635576780885e-05,0.0001032518703141,2024-02-08 19:44:25+00:00
AsahiLinux,Capta1nT0ad,1707422118.0,"Good idea, just note that the Mac doesn’t actually support booting from external devices but rather effectively copies the boot partition over to the internal drive.",t1_kpj4y18,0.0004039711202494,1.4231981140255812e-06,2.719948679441586e-05,7.150269811972976e-05,0.0001004292644211,1.9858804080286063e-05,1.5442657968378626e-05,2024-02-08 19:55:18+00:00
AsahiLinux,Capta1nT0ad,1707510074.0,"It could come fairly soon, the developers said that the sound support existed but they weren’t comfortable enabling it for HDMI.",t1_kpne02t,0.0003828701737802,1.2687157777691027e-06,2.384911203989759e-05,7.394603017019108e-05,0.0001025611345539,1.8042233932646923e-05,1.2923174836032558e-05,2024-02-09 20:21:14+00:00
AsahiLinux,Capta1nT0ad,1707713718.0,Have you considered doing what the installer has told you to?,t3_1aorflp,0.0004874764126725,1.2698282034762087e-06,2.837200190697331e-05,7.685159653192386e-05,0.0001176690566353,2.0778472389793023e-05,1.3873021089239046e-05,2024-02-12 04:55:18+00:00
AsahiLinux,Capta1nT0ad,1707718699.0,"You might need to erase and restore then, something's probably gone wrong.",t1_kq1kqhv,0.0013270273339003,3.4883369153249077e-06,6.391526403604075e-05,0.0001489209535066,0.0001026373502099,7.107725832611322e-05,5.016433715354651e-05,2024-02-12 06:18:19+00:00
AsahiLinux,Capta1nT0ad,1707820520.0,What DE are you using? I too use ArmCord.,t1_kq1zhql,0.0078793307766318,5.866807441634592e-06,0.0005935483495704,0.0002116987598128,0.0008412331808358,0.000224157818593,0.0001405503280693,2024-02-13 10:35:20+00:00
AsahiLinux,Capta1nT0ad,1707820936.0,"What D(esktop) E(nvironment) are you using? (e.g. KDE, GNOME, something else)",t1_kq7sfbz,0.0009488431969657,2.927257128249039e-06,0.0001036629546433,0.0001088685676222,0.0001086891134036,3.1455772841582075e-05,3.558552634785883e-05,2024-02-13 10:42:16+00:00
AsahiLinux,Capta1nT0ad,1707821454.0,"No problem, but it's probably a GNOME issue because portals are handled through your DE. You might want to find if anybody else has the same problem on GNOME.",t1_kq7t7vv,0.0004329158982727,1.3855232054993394e-06,2.679786484804936e-05,8.020929817575961e-05,0.0001016789829009,2.0984778529964387e-05,1.4460029888141436e-05,2024-02-13 10:50:54+00:00
AsahiLinux,Capta1nT0ad,1707912083.0,The Magic Trackpad has nothing to do with Asahi Linux.,t3_1aqkzre,0.000369850982679,1.360258465865627e-06,2.349872920603957e-05,8.20628774818033e-05,9.715847409097478e-05,1.812343907658942e-05,1.2468606655602343e-05,2024-02-14 12:01:23+00:00
AsahiLinux,Capta1nT0ad,1707943590.0,"You mentioned you wanted it running ‘more smoothly’; what specifically isn’t smooth? The Magic Trackpad is a standard Bluetooth device, a MacBook driver wouldn’t help.",t1_kqdmyos,0.0004373875854071,1.482308562117396e-06,3.084864511038177e-05,7.009914406808093e-05,0.0001015921370708,2.358520941925235e-05,1.5789757526363246e-05,2024-02-14 20:46:30+00:00
AsahiLinux,Capta1nT0ad,1708231525.0,Somebody else also ran into this issue: https://github.com/AsahiLinux/linux/issues/72#issuecomment-1922712835,t3_1ategmh,0.0003725011192727,1.4217886246115086e-06,3.0118859285721555e-05,6.568124808836728e-05,9.260099614039063e-05,1.7272754121222533e-05,1.3011197552259546e-05,2024-02-18 04:45:25+00:00
AsahiLinux,Capta1nT0ad,1708976909.0,"1: Pretty sure this is a known issue.2: Haven’t heard about this one.3: For now you’ll generally need to stay away from Flatpak when doing any kind of graphical stuff because its Mesa package does not have the Asahi GPU drivers. With Firefox, I don’t know about that because 4K video has always been smooth.",t3_1b0nqbg,0.0004366497450973,1.4816499742664746e-06,3.332454070914537e-05,7.119835208868608e-05,0.0001004635560093,1.977295323740691e-05,1.4693229786644224e-05,2024-02-26 19:48:29+00:00
AsahiLinux,Capta1nT0ad,1709036160.0,"If it’s on the entire screen often that’s probably a bug, however if it’s only on e.g. Firefox it probably just means it’s run out of video memory and wasn’t able to render. Often happens on 8G RAM machines.",t3_1b18y8y,0.0006000998546369,2.233916120530921e-06,5.110736674396321e-05,8.048689051065594e-05,9.39051533350721e-05,3.144425500067882e-05,2.72273609880358e-05,2024-02-27 12:16:00+00:00
AsahiLinux,Capta1nT0ad,1709090829.0,People have been using Ryujinx.,t3_1b1ruwh,0.0013386096106842,2.759077460723347e-06,0.0001071903025149,0.0001662244467297,0.000194373409613,3.038534487131983e-05,3.706109782797285e-05,2024-02-28 03:27:09+00:00
AsahiLinux,Capta1nT0ad,1709115470.0,Either a problem with your internet connection or the server is down.,t3_1b21k3s,0.0007168021984398,1.7653329678068983e-06,3.603215009206906e-05,0.0001069256832124,0.0001181304396595,3.307751831016503e-05,1.898404116218444e-05,2024-02-28 10:17:50+00:00
AsahiLinux,Capta1nT0ad,1709448055.0,"It’s not asking for the root user’s username and password, but rather the *machine owner’s* username and password. This is the first administrator user created on the machine, i.e probably you.",t3_1b59y0u,0.0232588183134794,2.68057865469018e-05,0.0018395178485661,0.0005934103392064,0.0007153380429372,0.0001547871361253,0.0009991460246965,2024-03-03 06:40:55+00:00
AsahiLinux,Capta1nT0ad,1709527499.0,"I believe Ubuntu Asahi is somewhat official/upstream, to the extent that it’s maintainer had a presentation at Ubuntu Summit about it.",t1_kt8f1rn,0.0003506726934574,1.3272790511109631e-06,2.6608071493683383e-05,6.339964602375403e-05,9.761602996150032e-05,1.6158863218151964e-05,1.2995424185646698e-05,2024-03-04 04:44:59+00:00
AsahiLinux,Capta1nT0ad,1709582031.0,"Great video! As for the occasional magenta/purple flash, that’s the colour for failed renders on these machines, instead of black or transparent on most other platforms. It just means that the render failed. On 8G machines, this will often happen in Firefox when lots of tabs are open as because of the unified VRAM system there is not enough VRAM to render. These issues will most likely be fixed when the memory management of the GPU driver improves, but in the meantime the problem gets a lot better if you enable the ‘tabs.unloadOnLowMemory’ flag in Firefox’s about:config.",t3_1b69p66,0.0033717616461217,8.921393600758165e-06,9.578814933774991e-05,0.0014826969709247,0.0004925277899019,5.957902249065228e-05,4.131860987399705e-05,2024-03-04 19:53:51+00:00
AsahiLinux,Capta1nT0ad,1709582243.0,"As for emulation, you will have better luck with Ryjuninx. Also note that the Flatpak Mesa package does not include the asahi driver, so Flatpak apps will be software rendered.",t1_ktccn7e,0.0004323051834944,1.5848298744458589e-06,3.469044895609841e-05,7.37537702661939e-05,9.622758807381616e-05,2.217017208749894e-05,1.5323095794883557e-05,2024-03-04 19:57:23+00:00
AsahiLinux,Capta1nT0ad,1709582454.0,"You also did not mention that the microphone doesn’t work. I don’t know whose working on that, but I know that USBC displays (Thunderbolt and DP Alt Mode) are coming later this year.",t1_ktcdaga,0.0003925285127479,1.4595738093703403e-06,3.170256604789756e-05,6.706167187076062e-05,9.451703954255208e-05,1.8114955310011283e-05,1.4274159184424208e-05,2024-03-04 20:00:54+00:00
AsahiLinux,Capta1nT0ad,1709789721.0,"Sure, I don’t mind.",t1_ktdyfqy,0.0150245036929845,5.716891337215202e-06,0.0006313351914286,0.0003707819269038,0.002702459692955,0.0002427403087494,6.226613913895562e-05,2024-03-07 05:35:21+00:00
AsahiLinux,Capta1nT0ad,1709789827.0,"No, hardware video acceleration is not supported, but the machine itself is very much powerful enough to output 4K at >60fps. Fedora doesn’t come with patented codecs by default as this poses legal issues, so rpmfusion distributes these packages (such as libavcodec-freeworld.)",t1_kten21h,0.0004097799246665,1.736169906507712e-06,3.4892571420641616e-05,7.936158363008872e-05,8.589557546656579e-05,1.999082633119542e-05,1.5771187463542446e-05,2024-03-07 05:37:07+00:00
AsahiLinux,Capta1nT0ad,1709789890.0,I also just want to note that HDMI does work on models where there is a dedicated port.,t1_ktdyfqy,0.000368884706404,1.4621290347349714e-06,2.5879273380269296e-05,8.041025284910575e-05,9.120705362875016e-05,1.915728716994636e-05,1.3568442227551714e-05,2024-03-07 05:38:10+00:00
AsahiLinux,Capta1nT0ad,1709893351.0,[https://toshy.app](https://toshy.app),t3_1b9kcl2,0.0004740016011055,1.3727037639910122e-06,3.9955906686373055e-05,6.794484215788543e-05,0.0001154896017396,1.7090043911593966e-05,1.2550087376439478e-05,2024-03-08 10:22:31+00:00
AsahiLinux,Capta1nT0ad,1710323073.0,What's the point of this post?,t3_1bdm4n0,0.0004510540748015,1.3107079439578229e-06,2.7370360839995556e-05,6.942776235518977e-05,0.0001082395101548,2.087762732116971e-05,1.314364362769993e-05,2024-03-13 09:44:33+00:00
AsahiLinux,Capta1nT0ad,1710445787.0,"If you're using KDE Plasma, just click the Clipboard icon in the system tray and then the clean/sweep button in that popup.",t3_1bennkz,0.0004942662781104,1.8312127849640092e-06,3.5956774809164926e-05,8.084627916105092e-05,9.559105092193931e-05,2.9702669053222053e-05,2.049230351985898e-05,2024-03-14 19:49:47+00:00
AsahiLinux,Capta1nT0ad,1710756669.0,"What Asahi partitions are 'temporary'? Why would the installer create these and not tell the user? The installer is self-explanatory, it may not be the best idea to use a sketchy YouTube tutorial.",t3_1bhmxgj,0.0005062936688773,1.6215466303037829e-06,3.491783718345687e-05,8.564897871110588e-05,0.0001001226119115,2.0881070668110624e-05,1.6937688997131772e-05,2024-03-18 10:11:09+00:00
AsahiLinux,Capta1nT0ad,1711395988.0,"What black screen with white text? I assume you're talking about a console login screen, but you should be at a Calamares setup window on the first boot. Did you manage to accidentally install the minimal image?",t3_1bnf64z,0.0116205876693129,2.0178917111479677e-05,0.0002574437239672,0.004669243004173,0.0012463565217331,0.0001780212623998,0.0001788639929145,2024-03-25 19:46:28+00:00
AsahiLinux,Capta1nT0ad,1711396387.0,There is a way to boot images off USB sticks ([asahi-fedora-usb](https://github.com/leifliddy/asahi-fedora-usb)) but the main problem with this is Kali Linux does not have the necessary kernel and support packages (developed by the Asahi Linux team) to run on an Apple Silicon Mac.,t3_1bnf02t,0.0004791291139554,1.4869979167997371e-06,3.604624362196773e-05,8.197152055799961e-05,0.0001144514026236,2.0588875486282632e-05,1.4442306564887986e-05,2024-03-25 19:53:07+00:00
AsahiLinux,Capta1nT0ad,1711400831.0,"Maybe, not sure about that",t1_kwjk8bg,0.000368581037037,1.140227823270834e-06,2.4866172680049203e-05,6.220785871846601e-05,9.811868221731856e-05,1.6089788914541714e-05,1.0965894944092724e-05,2024-03-25 21:07:11+00:00
AsahiLinux,Capta1nT0ad,1711485809.0,"This used to be possible using a UEFI hack on Intel Macs, but this no longer exists for Apple Silicon.",t1_kwo91r8,0.0004559580702334,1.9709113985300064e-06,4.221813287585974e-05,7.189337338786572e-05,8.357816113857552e-05,2.1727131752413698e-05,1.8814727809512988e-05,2024-03-26 20:43:29+00:00
AsahiLinux,Capta1nT0ad,1711600117.0,Why not just use asahi-bless?,t3_1bplq9m,0.0019676941446959,2.7775417947850656e-06,0.0001927296252688,0.0001129085430875,0.0005141274887137,3.900342562701553e-05,3.715466300491243e-05,2024-03-28 04:28:37+00:00
AsahiLinux,Capta1nT0ad,1711620514.0,How much RAM?,t3_1bpqh41,0.0013435262953862,1.780575644261262e-06,4.8051799240056425e-05,0.0001235095842275,0.0002654356940183,5.5174969020299613e-05,2.3173946829047057e-05,2024-03-28 10:08:34+00:00
AsahiLinux,Capta1nT0ad,1711767240.0,"asahi-bless is a part of the nvram tools suite, it presents a list of your operating systems and allows you to select which one to boot just by typing its number. Much easier and safer than using this. There is also asahi-btsync and asahi-wifisync.",t1_kx5k43c,0.0004388536908663,1.4786277233724832e-06,3.403604569029994e-05,7.215945515781641e-05,0.0001068446654244,1.930773942149244e-05,1.473074735258706e-05,2024-03-30 02:54:00+00:00
AsahiLinux,Capta1nT0ad,1711848764.0,"No, installing it won't do anything. It comes installed by default, you just need to run it using `sudo widevine-installer`, and change the user agent if you want to watch Netflix.",t1_kxb8vcr,0.0005497476668097,1.8390147715763303e-06,3.789976835832931e-05,8.743460784899071e-05,9.455923282075672e-05,2.585448237368837e-05,2.0537419914035127e-05,2024-03-31 01:32:44+00:00
AsahiLinux,Capta1nT0ad,1711932601.0,What media player are you using?,t3_1bshxkf,0.000985744758509,1.3967988934382447e-06,4.010704287793487e-05,0.0001133548357756,0.0002181790187023,2.6842648367164657e-05,1.8876517060562037e-05,2024-04-01 00:50:01+00:00
AsahiLinux,Capta1nT0ad,1711936943.0,"Minecraft is Java, it already works very well on Asahi Linux.",t1_kxfbr8k,0.0003627224650699,1.449161800337606e-06,2.570971446402837e-05,7.63162097427994e-05,9.041694283951074e-05,1.7100950572057627e-05,1.2630172022909392e-05,2024-04-01 02:02:23+00:00
AsahiLinux,Capta1nT0ad,1712308118.0,"A lot of people like Linux as it is a free/libre and open source operating system that lets you do whatever you want with your computer. Some of those people are also intrigued by the hardware that Apple is making, and the benefits it brings such as high performance with long battery life. It's not really about the applications that we can run on Linux that we can't run on macOS, but rather that a lot of people don't really like the walled-garden and enforcing approach to computing that macOS provides and would much rather use Linux.",t3_1bwd2ws,0.0004172523331362,1.4559913097400567e-06,3.514054697006941e-05,6.532993575092405e-05,0.0001048257836373,1.5959860320435837e-05,1.4680037565995008e-05,2024-04-05 09:08:38+00:00
AsahiLinux,Capta1nT0ad,1712375670.0,"Stick with Android. (I switched from a jailbroken iPhone on an OS 3 years out of date to Android). There is simply no freedom on iOS, and jailbreaks don't exist for the latest firmware versions, and don't for a long while after they are superseded.",t3_1bx0vvj,0.0008705299114808,2.2400517991627567e-06,7.97519096522592e-05,7.724246825091541e-05,0.0001628703757887,4.2732881411211565e-05,3.257521166233346e-05,2024-04-06 03:54:30+00:00
AsahiLinux,Capta1nT0ad,1712460450.0,Enable 'disable touchpad while typing' in the Touchpad settings.,t1_kycpt6l,0.0003920429153367,1.6049646092142211e-06,2.5937188183888793e-05,8.109304326353595e-05,9.009437053464352e-05,2.347205372643657e-05,1.6849595340318047e-05,2024-04-07 03:27:30+00:00
AsahiLinux,Capta1nT0ad,1713188340.0,"GNOME is slower to adopt standards that are often necessary for modern hardware like this to work well, so KDE Plasma is more or less recommended.",t3_1c4malb,0.0004015811427962,1.2902518164992216e-06,2.327603033336345e-05,7.778702274663374e-05,0.0001053650485118,1.7544938600622118e-05,1.2266899830137843e-05,2024-04-15 13:39:00+00:00
AsahiLinux,Capta1nT0ad,1713416355.0,"This isn't common, but it usually happens to everybody at some point. I don't understand why you restarted instead of just *following the instructions on the screen*.",t3_1c6um0t,0.0004717511765193,1.41396753861045e-06,2.8750842830049805e-05,7.542565435869619e-05,0.0001019580231513,2.1218633264652453e-05,1.4714208191435318e-05,2024-04-18 04:59:15+00:00
AsahiLinux,Capta1nT0ad,1713416562.0,Was the mouse cursor moving? Weird if it wasn't.,t1_l03nzx4,0.000817772350274,1.5526327388215575e-06,3.9638853195356205e-05,8.853165491018444e-05,0.000182549963938,3.568563988665119e-05,2.0781326384167187e-05,2024-04-18 05:02:42+00:00
AsahiLinux,Capta1nT0ad,1713938099.0,"Unfortunately, if doing First Aid from Recovery Mode coils not solve the problem, you will probably need to back up your data (just get an external USB HDD and use Time Machine) and format.",t3_1cbjb8f,0.0004054247692693,1.5164939668466104e-06,2.8220241802046075e-05,7.224558794405311e-05,9.602473437553272e-05,2.236534965049941e-05,1.5161024748522324e-05,2024-04-24 05:54:59+00:00
AsahiLinux,Capta1nT0ad,1714292749.0,Thank you for sharing your experiences. It's great for the community to see people having a great experience with Asahi Linux.,t3_1cey1iw,0.0003740793617907,1.4115693147687125e-06,2.509716614440549e-05,7.779614679748192e-05,9.521758329356088e-05,1.7967524399864487e-05,1.4124206245469397e-05,2024-04-28 08:25:49+00:00
AsahiLinux,Capta1nT0ad,1714476480.0,You may be affected by this bug: https://discussion.fedoraproject.org/t/issues-with-the-kernel-16k-6-8-7-402-asahi-update/114248,t1_l1xa2a8,0.0006073534023016,2.00520662474446e-06,5.051043626735918e-05,7.973799802130088e-05,0.000105632643681,2.88932460534852e-05,2.132356894435361e-05,2024-04-30 11:28:00+00:00
AsahiLinux,Capta1nT0ad,1714900384.0,They call it 'disk destroyer' for a reason...,t3_1ckgvhc,0.0006961881299503,1.4264347782955156e-06,2.972927723021712e-05,0.0001140173189924,0.0001559228694532,4.468895713216625e-05,1.4024587471794804e-05,2024-05-05 09:13:04+00:00
AsahiLinux,Capta1nT0ad,1714908503.0,"When you get used to the standby time in macOS, the 4 days feels just really *off*. However, it's still better than many x86 machines and the machines boot quite fast if you need to turn it off.",t1_l2o7dk6,0.0004870275442954,1.5765614307383655e-06,3.137419480481185e-05,8.804370008874685e-05,9.965083154384048e-05,2.388083703408483e-05,1.7754220607457682e-05,2024-05-05 11:28:23+00:00
AsahiLinux,Capta1nT0ad,1715201321.0,"You could try BleachBit, if you have never run it before it could very well clear up >2gb of space.",t1_l35fqup,0.0004075941105838,1.5034016769277514e-06,2.895666148106102e-05,7.610843022121117e-05,9.247746493201704e-05,2.114246308337897e-05,1.425816026312532e-05,2024-05-08 20:48:41+00:00
AsahiLinux,Capta1nT0ad,1716080384.0,"Some people miss that the easier way to open the GRUB menu without having to get the timing of the `esc` press right is just to hit a key to stop autoboot and type `bootmenu`. Then, of course, select an earlier kernel from GRUB.",t3_1cva3el,0.0004975657211616,1.6334200836354285e-06,3.127791205770336e-05,8.671727118780836e-05,0.0001029587801895,3.099925379501656e-05,1.6714391676941887e-05,2024-05-19 00:59:44+00:00
AsahiLinux,Capta1nT0ad,1716151819.0,You may have been using the Flatpak versions. The Mesa bundled in Flatpak does not include the Asahi driver and will run through software rendering.,t1_l4oxvld,0.0003777493839152,1.4571442079613917e-06,2.690992914722301e-05,7.503138476749882e-05,9.267768473364411e-05,1.8580094547360204e-05,1.4078806088946294e-05,2024-05-19 20:50:19+00:00
AsahiLinux,Capta1nT0ad,1719434504.0,Wi-Fi monitor mode is not yet supported,t3_1dp6whf,0.0004270540084689,1.3801965224047308e-06,2.4435044906567786e-05,7.580949750263244e-05,0.000105561048258,2.4214994482463222e-05,1.3621988728118596e-05,2024-06-26 20:41:44+00:00
AsahiLinux,Capta1nT0ad,1722592104.0,"That's KHz, not GHz.",t3_1ei2qiv,0.0005524941952899,1.1800530046457425e-06,3.0373988920473497e-05,7.643252320121974e-05,0.000145852973219,1.947491182363592e-05,1.137732579081785e-05,2024-08-02 09:48:24+00:00
AsahiLinux,Capta1nT0ad,1722826130.0,"I forgot that I could USB/Bluetooth tether, and instead downloaded the old package from [https://kojipkgs.fedoraproject.org//packages/wpa\_supplicant/2.10/10.fc40/aarch64/wpa\_supplicant-2.10-10.fc40.aarch64.rpm](https://kojipkgs.fedoraproject.org//packages/wpa_supplicant/2.10/10.fc40/aarch64/wpa_supplicant-2.10-10.fc40.aarch64.rpm) and plugged my phone in to transfer and install it. Hope this helps anybody who can't tether.",t1_lggb9p7,0.0004524784453678,1.5913209381324125e-06,4.3302516132825986e-05,6.532040424644947e-05,0.0001055620596162,1.836594674387015e-05,1.604186400072649e-05,2024-08-05 02:48:50+00:00
