rank,username,average_toxicity,comment_count,source_file
1,intulor,0.068737,245,subreddits/asahi_linux/intulor.csv
2,lack_of_reserves,0.059745,175,subreddits/asahi_linux/lack_of_reserves.csv
3,JG_2006_C,0.059203,103,subreddits/asahi_linux/JG_2006_C.csv
4,nyancient,0.053245,297,subreddits/asahi_linux/nyancient.csv
5,Natjoe64,0.040003,184,subreddits/asahi_linux/Natjoe64.csv
6,TheTwelveYearOld,0.032305,112,subreddits/asahi_linux/TheTwelveYearOld.csv
7,The_Screeching_Bagel,0.031255,130,subreddits/asahi_linux/The_Screeching_Bagel.csv
8,Prestigious-Oil374,0.027998,509,subreddits/asahi_linux/Prestigious-Oil374.csv
9,Stunning-Bite-6407,0.023314,154,subreddits/asahi_linux/Stunning-Bite-6407.csv
10,Low_Effective_8907,0.020298,105,subreddits/asahi_linux/Low_Effective_8907.csv
